{"stats":{"minecraft:crafted":{"minecraft:wooden_sword":4,"minecraft:oak_door":3,"minecraft:oak_planks":1724,"minecraft:cooked_chicken":3,"minecraft:furnace":4,"minecraft:cooked_mutton":2,"minecraft:glass":150,"minecraft:bow":1,"minecraft:diamond_helmet":1,"minecraft:diamond_leggings":1,"minecraft:iron_boots":1,"minecraft:iron_axe":2,"minecraft:stone_pickaxe":1,"minecraft:cobblestone_wall":60,"minecraft:chest":7,"minecraft:diamond_boots":1,"minecraft:oak_fence":219,"minecraft:minecart":1,"minecraft:cooked_beef":26,"minecraft:diamond_sword":1,"minecraft:emerald":2,"minecraft:cooked_porkchop":2,"minecraft:diamond_axe":1,"minecraft:crafting_table":5,"minecraft:wooden_pickaxe":1,"minecraft:baked_potato":3,"minecraft:iron_sword":6,"minecraft:copper_ingot":7,"minecraft:oak_wood":3,"minecraft:oak_fence_gate":4,"minecraft:oak_boat":1,"minecraft:iron_chestplate":1,"minecraft:diamond_pickaxe":1,"minecraft:stick":112,"minecraft:iron_ingot":121,"minecraft:iron_pickaxe":7,"minecraft:wooden_axe":1,"minecraft:oak_stairs":436,"minecraft:iron_shovel":4,"minecraft:iron_leggings":1,"minecraft:gold_ingot":1,"minecraft:white_bed":1,"minecraft:torch":172,"minecraft:diamond_chestplate":1},"minecraft:picked_up":{"minecraft:iron_chestplate":4,"minecraft:crafting_table":2,"minecraft:wheat":1,"minecraft:azure_bluet":38,"minecraft:chicken":3,"minecraft:ender_chest":3,"minecraft:diamond_sword":2,"minecraft:oak_stairs":53,"minecraft:gold_block":2,"minecraft:enchanted_book":10,"minecraft:chain":6,"minecraft:amethyst_block":1,"minecraft:cornflower":25,"minecraft:string":67,"minecraft:elytra":2,"minecraft:soul_soil":12,"minecraft:raw_copper":35,"minecraft:iron_axe":1,"minecraft:wooden_sword":2,"minecraft:iron_leggings":5,"minecraft:iron_shovel":6,"minecraft:diamond_leggings":1,"minecraft:gold_nugget":36,"minecraft:cobbled_deepslate":2152,"minecraft:beef":76,"minecraft:oak_boat":2,"minecraft:poppy":5,"minecraft:iron_pickaxe":14,"minecraft:light_gray_wool":2,"minecraft:sugar_cane":3,"minecraft:chest":2,"minecraft:iron_boots":3,"minecraft:furnace":7,"minecraft:raw_iron":107,"minecraft:stick":276,"minecraft:oak_fence":56,"minecraft:torch":328,"minecraft:porkchop":2,"minecraft:polished_blackstone_bricks":8,"minecraft:cherry_log":35,"minecraft:diorite":7,"minecraft:carrot":6,"minecraft:redstone":388,"minecraft:arrow":130,"minecraft:rotten_flesh":13,"minecraft:diamond_chestplate":1,"minecraft:diamond_boots":2,"minecraft:carved_pumpkin":2,"minecraft:mutton":11,"minecraft:bone_block":5,"minecraft:white_wool":7,"minecraft:cobblestone":710,"minecraft:pink_petals":12,"minecraft:feather":1,"minecraft:cooked_beef":28,"minecraft:cherry_leaves":1,"minecraft:glow_ink_sac":1,"minecraft:water_bucket":2,"minecraft:andesite":13,"minecraft:leather":42,"minecraft:red_mushroom":3,"minecraft:potato":7,"minecraft:flint":15,"minecraft:tuff":235,"minecraft:oak_log":823,"minecraft:yellow_bed":1,"minecraft:cobblestone_wall":1,"minecraft:lapis_lazuli":118,"minecraft:dirt":750,"minecraft:leather_boots":1,"minecraft:bone":4,"minecraft:apple":32,"minecraft:wheat_seeds":72,"minecraft:raw_gold":15,"minecraft:iron_ingot":129,"minecraft:oak_fence_gate":2,"minecraft:stone_pickaxe":1,"minecraft:diamond_helmet":1,"minecraft:bamboo":64,"minecraft:oak_planks":172,"minecraft:iron_sword":1,"minecraft:soul_sand":1,"minecraft:scaffolding":4,"minecraft:smooth_basalt":3,"minecraft:chiseled_polished_blackstone":6,"minecraft:cooked_porkchop":2,"minecraft:dandelion":2,"minecraft:spyglass":2,"minecraft:gravel":111,"minecraft:sand":1002,"minecraft:white_bed":15,"minecraft:firework_rocket":126,"minecraft:diamond":155,"minecraft:iron_helmet":2,"minecraft:diamond_axe":9,"minecraft:granite":48,"minecraft:cherry_sapling":19,"minecraft:emerald":14,"minecraft:oak_sapling":313,"minecraft:netherrack":72,"minecraft:coal":200,"minecraft:diamond_pickaxe":19},"minecraft:dropped":{"minecraft:enchanted_book":1,"minecraft:water_bucket":1,"minecraft:iron_sword":2,"minecraft:soul_sand":1,"minecraft:wheat_seeds":39,"minecraft:diamond_axe":8,"minecraft:cooked_beef":17,"minecraft:diamond":3,"minecraft:cobblestone":115,"minecraft:granite":30,"minecraft:red_mushroom":3,"minecraft:emerald":6,"minecraft:dirt":431,"minecraft:diorite":6,"minecraft:torch":9,"minecraft:cornflower":25,"minecraft:oak_stairs":17,"minecraft:wooden_sword":1,"minecraft:sand":448,"minecraft:iron_pickaxe":11,"minecraft:iron_shovel":4,"minecraft:pink_petals":12,"minecraft:bucket":2,"minecraft:redstone":256,"minecraft:dandelion":2,"minecraft:smooth_basalt":3,"minecraft:oak_door":1,"minecraft:gravel":38,"minecraft:furnace":1,"minecraft:soul_soil":4,"minecraft:cobbled_deepslate":374,"minecraft:tuff":44,"minecraft:rotten_flesh":7,"minecraft:azure_bluet":5,"minecraft:white_bed":1,"minecraft:carrot":1,"minecraft:diamond_sword":1,"minecraft:poppy":5,"minecraft:diamond_pickaxe":14,"minecraft:andesite":13,"minecraft:yellow_bed":1,"minecraft:oak_boat":1,"minecraft:stone_pickaxe":1,"minecraft:scaffolding":1,"minecraft:netherrack":64},"minecraft:killed":{"minecraft:armadillo":1,"minecraft:spider":312,"minecraft:skeleton":1,"minecraft:chicken":3,"minecraft:silverfish":2,"minecraft:pig":1,"minecraft:zombie_villager":2,"minecraft:sheep":5,"minecraft:goat":2,"minecraft:donkey":1,"minecraft:zombie":1,"minecraft:glow_squid":1,"minecraft:cow":39},"minecraft:mined":{"minecraft:nether_gold_ore":6,"minecraft:tuff":210,"minecraft:white_bed":11,"minecraft:oak_sapling":7,"minecraft:deepslate_diamond_ore":2,"minecraft:cherry_log":35,"minecraft:carved_pumpkin":2,"minecraft:glow_lichen":2,"minecraft:granite":48,"minecraft:chiseled_polished_blackstone":3,"minecraft:grass_block":602,"minecraft:cracked_polished_blackstone_bricks":1,"minecraft:soul_soil":4,"minecraft:red_mushroom":3,"minecraft:polished_blackstone_bricks":5,"minecraft:magma_block":4,"minecraft:furnace":3,"minecraft:iron_ore":87,"minecraft:fire":12,"minecraft:cobbled_deepslate":1,"minecraft:andesite":13,"minecraft:deepslate_lapis_ore":5,"minecraft:azure_bluet":24,"minecraft:gold_block":1,"minecraft:vine":2,"minecraft:deepslate_iron_ore":15,"minecraft:oak_stairs":52,"minecraft:packed_ice":1,"minecraft:white_wool":1,"minecraft:stone":467,"minecraft:bone_block":1,"minecraft:ender_chest":1,"minecraft:deepslate_redstone_ore":89,"minecraft:scaffolding":4,"minecraft:soul_sand":1,"minecraft:dandelion":2,"minecraft:powder_snow":12,"minecraft:oak_fence":44,"minecraft:cornflower":24,"minecraft:crafting_table":1,"minecraft:torch":6,"minecraft:short_grass":296,"minecraft:emerald_ore":6,"minecraft:poppy":5,"minecraft:chest":1,"minecraft:copper_ore":11,"minecraft:tall_grass":64,"minecraft:glass":1,"minecraft:cobblestone":39,"minecraft:deepslate_gold_ore":10,"minecraft:lapis_ore":6,"minecraft:oak_planks":71,"minecraft:sugar_cane":86,"minecraft:blue_bed":1,"minecraft:diorite":13,"minecraft:wall_torch":17,"minecraft:amethyst_block":1,"minecraft:pink_petals":1,"minecraft:chain":3,"minecraft:cobblestone_wall":1,"minecraft:birch_leaves":1,"minecraft:bee_nest":1,"minecraft:yellow_bed":1,"minecraft:coal_ore":136,"minecraft:oak_log":752,"minecraft:oak_fence_gate":2,"minecraft:cherry_leaves":6,"minecraft:gravel":127,"minecraft:dirt":183,"minecraft:smooth_basalt":3,"minecraft:netherrack":79,"minecraft:gold_ore":4,"minecraft:deepslate":2098,"minecraft:oak_leaves":378,"minecraft:fern":5,"minecraft:infested_stone":1},"minecraft:used":{"minecraft:cherry_sapling":19,"minecraft:oak_fence":182,"minecraft:iron_shovel":1029,"minecraft:chest":6,"minecraft:ender_chest":1,"minecraft:iron_sword":1394,"minecraft:cooked_chicken":3,"minecraft:oak_door":2,"minecraft:torch":258,"minecraft:dirt":313,"minecraft:spyglass":52,"minecraft:cobblestone_wall":59,"minecraft:tuff":2,"minecraft:granite":18,"minecraft:azure_bluet":3,"minecraft:oak_fence_gate":5,"minecraft:glass":109,"minecraft:wooden_axe":60,"minecraft:iron_axe":291,"minecraft:oak_stairs":404,"minecraft:cherry_leaves":1,"minecraft:bow":34,"minecraft:scaffolding":3,"minecraft:oak_sapling":292,"minecraft:furnace":8,"minecraft:minecart":1,"minecraft:potato":11,"minecraft:cooked_beef":14,"minecraft:cherry_log":1,"minecraft:cobbled_deepslate":26,"minecraft:cooked_mutton":2,"minecraft:water_bucket":89,"minecraft:baked_potato":3,"minecraft:stone_pickaxe":129,"minecraft:oak_planks":479,"minecraft:wooden_pickaxe":59,"minecraft:diamond_axe":953,"minecraft:white_wool":2,"minecraft:crafting_table":6,"minecraft:white_bed":11,"minecraft:oak_log":178,"minecraft:diamond_pickaxe":1968,"minecraft:firework_rocket":10,"minecraft:iron_pickaxe":1343,"minecraft:gravel":8,"minecraft:diamond_sword":261,"minecraft:wooden_sword":90,"minecraft:cobblestone":431,"minecraft:bucket":88,"minecraft:experience_bottle":1},"minecraft:custom":{"minecraft:interact_with_anvil":3,"minecraft:mob_kills":371,"minecraft:inspect_hopper":2,"minecraft:interact_with_crafting_table":99,"minecraft:open_shulker_box":9,"minecraft:bell_ring":55,"minecraft:leave_game":15,"minecraft:time_since_death":75981,"minecraft:climb_one_cm":192643,"minecraft:sprint_one_cm":1034050,"minecraft:walk_one_cm":2744489,"minecraft:drop":176,"minecraft:talked_to_villager":40,"minecraft:play_time":1063690,"minecraft:sneak_time":5475,"minecraft:deaths":4,"minecraft:walk_under_water_one_cm":21330,"minecraft:boat_one_cm":220996,"minecraft:jump":10381,"minecraft:interact_with_brewingstand":1,"minecraft:interact_with_blast_furnace":1,"minecraft:walk_on_water_one_cm":103304,"minecraft:enchant_item":2,"minecraft:total_world_time":1063690,"minecraft:interact_with_furnace":74,"minecraft:traded_with_villager":2,"minecraft:sleep_in_bed":32,"minecraft:time_since_rest":20519,"minecraft:open_enderchest":6,"minecraft:damage_taken":8382,"minecraft:damage_dealt":55636,"minecraft:minecart_one_cm":54401,"minecraft:swim_one_cm":12411,"minecraft:fly_one_cm":991320,"minecraft:open_chest":242,"minecraft:crouch_one_cm":2910,"minecraft:aviate_one_cm":71660,"minecraft:fall_one_cm":237245,"minecraft:horse_one_cm":123654},"minecraft:broken":{"minecraft:iron_shovel":4,"minecraft:iron_boots":1,"minecraft:wooden_pickaxe":1,"minecraft:stone_pickaxe":1,"minecraft:iron_axe":1,"minecraft:wooden_sword":1,"minecraft:iron_sword":5,"minecraft:iron_pickaxe":4,"minecraft:iron_helmet":1,"minecraft:wooden_axe":1,"minecraft:golden_chestplate":1},"minecraft:killed_by":{"minecraft:player":1,"minecraft:skeleton":1}},"DataVersion":3839}