{"stats":{"minecraft:custom":{"minecraft:interact_with_crafting_table":296,"minecraft:leave_game":60,"minecraft:time_since_death":128537,"minecraft:damage_blocked_by_shield":11629,"minecraft:play_time":7114184,"minecraft:deaths":21,"minecraft:jump":56503,"minecraft:enchant_item":100,"minecraft:interact_with_furnace":221,"minecraft:traded_with_villager":3231,"minecraft:sleep_in_bed":191,"minecraft:damage_dealt":535269,"minecraft:inspect_dispenser":17,"minecraft:horse_one_cm":100,"minecraft:interact_with_smithing_table":17,"minecraft:interact_with_anvil":76,"minecraft:inspect_hopper":119,"minecraft:sneak_time":426650,"minecraft:total_world_time":7114184,"minecraft:tune_noteblock":31908,"minecraft:interact_with_stonecutter":10,"minecraft:time_since_rest":38395,"minecraft:swim_one_cm":78202,"minecraft:fly_one_cm":11537994,"minecraft:open_chest":3651,"minecraft:fish_caught":178,"minecraft:fall_one_cm":1708903,"minecraft:animals_bred":575,"minecraft:open_shulker_box":209,"minecraft:sprint_one_cm":8548827,"minecraft:drop":1205,"minecraft:talked_to_villager":1496,"minecraft:interact_with_brewingstand":43,"minecraft:walk_on_water_one_cm":216805,"minecraft:open_enderchest":244,"minecraft:interact_with_beacon":1,"minecraft:player_kills":1,"minecraft:crouch_one_cm":798214,"minecraft:mob_kills":21645,"minecraft:climb_one_cm":884878,"minecraft:walk_one_cm":8335835,"minecraft:walk_under_water_one_cm":59622,"minecraft:boat_one_cm":331183,"minecraft:interact_with_grindstone":26,"minecraft:damage_taken":55166,"minecraft:trigger_trapped_chest":9,"minecraft:minecart_one_cm":376500,"minecraft:aviate_one_cm":15659197},"minecraft:killed":{"minecraft:shulker":34,"minecraft:skeleton":37,"minecraft:chicken":2,"minecraft:tropical_fish":1,"minecraft:magma_cube":107,"minecraft:ender_dragon":1,"minecraft:pillager":2,"minecraft:goat":1,"minecraft:zombie":71,"minecraft:cow":474,"minecraft:endermite":1,"minecraft:horse":3,"minecraft:warden":1,"minecraft:enderman":19505,"minecraft:zombified_piglin":15,"minecraft:witch":6,"minecraft:spider":713,"minecraft:wither":1,"minecraft:silverfish":2,"minecraft:piglin_brute":5,"minecraft:piglin":35,"minecraft:pig":8,"minecraft:zombie_villager":1,"minecraft:creeper":10,"minecraft:sheep":24,"minecraft:trader_llama":3,"minecraft:ghast":7,"minecraft:blaze":101,"minecraft:armadillo":2,"minecraft:phantom":4,"minecraft:bat":1,"minecraft:hoglin":1,"minecraft:wither_skeleton":65,"minecraft:villager":18},"minecraft:picked_up":{"minecraft:iron_chestplate":1,"minecraft:anvil":1,"minecraft:lead":9,"minecraft:diamond_sword":11,"minecraft:oak_stairs":14,"minecraft:wither_rose":2,"minecraft:enchanted_book":2,"minecraft:brewing_stand":3,"minecraft:golden_sword":3,"minecraft:amethyst_block":11,"minecraft:music_disc_cat":1,"minecraft:string":270,"minecraft:soul_soil":10,"minecraft:sculk_shrieker":3,"minecraft:beetroot":2,"minecraft:diamond_leggings":6,"minecraft:gold_nugget":2001,"minecraft:cobbled_deepslate":6403,"minecraft:composter":8,"minecraft:purpur_pillar":4,"minecraft:cherry_log":105,"minecraft:golden_chestplate":1,"minecraft:stone_sword":8,"minecraft:tropical_fish":5,"minecraft:glowstone":18,"minecraft:bookshelf":233,"minecraft:netherite_chestplate":4,"minecraft:blaze_rod":912,"minecraft:iron_bars":3,"minecraft:birch_log":1,"minecraft:magma_block":3,"minecraft:cooked_beef":1377,"minecraft:iron_door":28,"minecraft:water_bucket":23,"minecraft:flint":35,"minecraft:netherite_leggings":7,"minecraft:diamond_helmet":6,"minecraft:moss_block":1,"minecraft:warped_wart_block":1,"minecraft:dispenser":39,"minecraft:deepslate":648,"minecraft:lever":9,"minecraft:deepslate_gold_ore":5,"minecraft:granite":92,"minecraft:dark_oak_fence":8,"minecraft:spruce_leaves":8,"minecraft:crimson_roots":4,"minecraft:diamond_pickaxe":14,"minecraft:mud":48,"minecraft:crafting_table":10,"minecraft:nether_wart":16,"minecraft:purpur_block":1,"minecraft:cornflower":90,"minecraft:elytra":9,"minecraft:white_carpet":3,"minecraft:compass":1,"minecraft:iron_shovel":3,"minecraft:cracked_stone_bricks":2,"minecraft:netherite_sword":4,"minecraft:deepslate_diamond_ore":67,"minecraft:beef":605,"minecraft:poppy":153,"minecraft:minecart":39,"minecraft:chest":63,"minecraft:piston":9,"minecraft:diamond_hoe":1,"minecraft:egg":1,"minecraft:stone":7636,"minecraft:oak_door":1,"minecraft:amethyst_cluster":5,"minecraft:carrot":253,"minecraft:redstone":2040,"minecraft:netherite_pickaxe":6,"minecraft:tnt":30,"minecraft:diamond_chestplate":6,"minecraft:beetroot_seeds":9,"minecraft:shears":2,"minecraft:diamond_boots":6,"minecraft:gold_ingot":2,"minecraft:glow_berries":8,"minecraft:mutton":33,"minecraft:white_wool":1669,"minecraft:bone_block":1,"minecraft:rail":175,"minecraft:emerald_ore":3,"minecraft:oxeye_daisy":3,"minecraft:stripped_oak_log":2,"minecraft:red_mushroom":1,"minecraft:oak_log":1161,"minecraft:lily_pad":6,"minecraft:ancient_debris":96,"minecraft:golden_boots":1,"minecraft:sculk_vein":2,"minecraft:blue_bed":1,"minecraft:paper":355,"minecraft:white_banner":3,"minecraft:apple":51,"minecraft:stone_bricks":13,"minecraft:spore_blossom":6,"minecraft:iron_ore":55,"minecraft:cobweb":10,"minecraft:glass_bottle":1,"minecraft:iron_sword":3,"minecraft:smooth_basalt":13,"minecraft:sculk":2,"minecraft:sweet_berries":21,"minecraft:spyglass":2,"minecraft:gravel":533,"minecraft:spruce_sapling":18,"minecraft:spruce_log":133,"minecraft:crying_obsidian":7,"minecraft:diamond_shovel":4,"minecraft:firework_rocket":1556,"minecraft:coal_ore":227,"minecraft:diamond_axe":7,"minecraft:warped_roots":18,"minecraft:warped_nylium":29,"minecraft:crimson_nylium":2,"minecraft:hopper":54,"minecraft:ender_pearl":1672,"minecraft:shulker_shell":17,"minecraft:wheat":1196,"minecraft:ender_chest":63,"minecraft:gilded_blackstone":4,"minecraft:potion":44,"minecraft:raw_copper":61,"minecraft:iron_leggings":1,"minecraft:sticky_piston":10,"minecraft:experience_bottle":2,"minecraft:oak_sign":2,"minecraft:smooth_stone":83,"minecraft:comparator":21,"minecraft:bucket":11,"minecraft:redstone_torch":16,"minecraft:ender_eye":9,"minecraft:calcite":16,"minecraft:iron_pickaxe":4,"minecraft:deepslate_iron_ore":2,"minecraft:iron_boots":1,"minecraft:furnace":3,"minecraft:stick":330,"minecraft:oak_fence":3,"minecraft:torch":1176,"minecraft:snow_block":1,"minecraft:porkchop":18,"minecraft:netherite_shovel":7,"minecraft:villager_spawn_egg":35,"minecraft:diorite":58,"minecraft:nether_gold_ore":229,"minecraft:cactus":8,"minecraft:rotten_flesh":2595,"minecraft:obsidian":110,"minecraft:cod":3,"minecraft:cobblestone":3378,"minecraft:enchanting_table":1,"minecraft:pink_petals":42,"minecraft:magma_cream":59,"minecraft:repeater":112,"minecraft:andesite":92,"minecraft:potato":6176,"minecraft:tuff":783,"minecraft:wither_skeleton_skull":7,"minecraft:lapis_lazuli":805,"minecraft:dirt":5184,"minecraft:glass":229,"minecraft:bone":512,"minecraft:bow":5,"minecraft:wheat_seeds":4863,"minecraft:raw_gold":275,"minecraft:cobbled_deepslate_slab":1096,"minecraft:grindstone":2,"minecraft:netherite_axe":5,"minecraft:mossy_stone_bricks":3,"minecraft:bamboo":4131,"minecraft:powered_rail":10,"minecraft:oak_planks":220,"minecraft:ghast_tear":6,"minecraft:poisonous_potato":24,"minecraft:sand":1473,"minecraft:grass_block":2999,"minecraft:shulker_box":25,"minecraft:mossy_cobblestone":72,"minecraft:clay":1,"minecraft:diamond":417,"minecraft:spruce_boat":4,"minecraft:netherite_helmet":4,"minecraft:cracked_polished_blackstone_bricks":1,"minecraft:crossbow":2,"minecraft:emerald":8,"minecraft:oak_sapling":392,"minecraft:netherrack":7988,"minecraft:nether_star":1,"minecraft:oak_leaves":18,"minecraft:azure_bluet":42,"minecraft:brown_mushroom":1,"minecraft:wooden_pickaxe":1,"minecraft:gold_block":19,"minecraft:shield":3,"minecraft:oak_trapdoor":5,"minecraft:iron_axe":2,"minecraft:blackstone":584,"minecraft:oak_boat":20,"minecraft:observer":87,"minecraft:light_gray_wool":2,"minecraft:lectern":436,"minecraft:sugar_cane":16414,"minecraft:phantom_membrane":9,"minecraft:raw_iron":1460,"minecraft:end_stone":31,"minecraft:polished_blackstone_bricks":4,"minecraft:stone_button":5,"minecraft:weeping_vines":2,"minecraft:arrow":388,"minecraft:nether_bricks":6,"minecraft:saddle":1,"minecraft:netherite_boots":8,"minecraft:basalt":746,"minecraft:glow_ink_sac":4,"minecraft:crimson_stem":75,"minecraft:leather":1047,"minecraft:gunpowder":358,"minecraft:yellow_bed":1,"minecraft:cobblestone_wall":6,"minecraft:cobblestone_stairs":30,"minecraft:podzol":148,"minecraft:smooth_sandstone":3,"minecraft:gray_carpet":1,"minecraft:iron_ingot":53,"minecraft:soul_sand":202,"minecraft:book":3,"minecraft:sculk_catalyst":1,"minecraft:oak_slab":12,"minecraft:scaffolding":931,"minecraft:warped_fungus":2,"minecraft:nether_quartz_ore":8,"minecraft:emerald_block":11,"minecraft:quartz":3325,"minecraft:dandelion":5,"minecraft:raw_iron_block":3,"minecraft:amethyst_shard":24,"minecraft:white_bed":95,"minecraft:spider_eye":81,"minecraft:pumpkin_seeds":3,"minecraft:sculk_sensor":1,"minecraft:iron_helmet":2,"minecraft:cherry_sapling":36,"minecraft:netherite_hoe":1,"minecraft:coal":1423},"minecraft:broken":{"minecraft:diamond_pickaxe":1,"minecraft:iron_axe":2,"minecraft:iron_pickaxe":5,"minecraft:iron_shovel":1,"minecraft:stone_pickaxe":2},"minecraft:mined":{"minecraft:white_bed":81,"minecraft:cherry_log":106,"minecraft:obsidian":114,"minecraft:granite":71,"minecraft:hopper":31,"minecraft:nether_wart":6,"minecraft:spawner":2,"minecraft:polished_blackstone_bricks":8,"minecraft:weeping_vines_plant":2,"minecraft:magma_block":8,"minecraft:cobbled_deepslate":331,"minecraft:sticky_piston":10,"minecraft:fire":70,"minecraft:deepslate_lapis_ore":34,"minecraft:enchanting_table":1,"minecraft:sculk_shrieker":4,"minecraft:cave_vines":5,"minecraft:dirt_path":9,"minecraft:oak_stairs":13,"minecraft:tripwire":1,"minecraft:crimson_nylium":2,"minecraft:amethyst_cluster":11,"minecraft:powder_snow":15,"minecraft:torch":134,"minecraft:melon":1,"minecraft:dead_bush":1,"minecraft:glass":241,"minecraft:sugar_cane":1935,"minecraft:amethyst_block":11,"minecraft:repeater":6,"minecraft:mud":35,"minecraft:wheat":1221,"minecraft:wither_rose":1,"minecraft:smooth_basalt":11,"minecraft:piston":9,"minecraft:deepslate":4625,"minecraft:mossy_cobblestone":36,"minecraft:cherry_sapling":2,"minecraft:shulker_box":20,"minecraft:end_stone":31,"minecraft:nether_bricks":6,"minecraft:dark_oak_fence":4,"minecraft:cobbled_deepslate_slab":8,"minecraft:crimson_roots":4,"minecraft:redstone_wire":63,"minecraft:moss_block":3,"minecraft:andesite":92,"minecraft:potatoes":1039,"minecraft:vine":1,"minecraft:rail":168,"minecraft:bamboo_sapling":7,"minecraft:bamboo":310,"minecraft:bone_block":5,"minecraft:white_wool":86,"minecraft:ender_chest":57,"minecraft:oak_slab":11,"minecraft:comparator":1,"minecraft:soul_sand":188,"minecraft:observer":12,"minecraft:dandelion":4,"minecraft:smooth_sandstone":3,"minecraft:cornflower":29,"minecraft:short_grass":661,"minecraft:emerald_ore":7,"minecraft:warped_roots":8,"minecraft:purpur_pillar":4,"minecraft:tall_grass":95,"minecraft:copper_ore":15,"minecraft:deepslate_gold_ore":138,"minecraft:diorite":54,"minecraft:warped_wart_block":1,"minecraft:cobblestone_wall":3,"minecraft:white_carpet":3,"minecraft:spruce_log":134,"minecraft:birch_leaves":3,"minecraft:gravel":565,"minecraft:cobweb":65,"minecraft:stone_bricks":13,"minecraft:gold_ore":20,"minecraft:fern":1,"minecraft:infested_stone":1,"minecraft:oak_sapling":10,"minecraft:cobblestone_stairs":30,"minecraft:sculk_vein":3,"minecraft:brewing_stand":3,"minecraft:cave_vines_plant":2,"minecraft:grass_block":3599,"minecraft:cracked_polished_blackstone_bricks":4,"minecraft:soul_soil":10,"minecraft:composter":8,"minecraft:gilded_blackstone":5,"minecraft:smooth_stone":26,"minecraft:raw_iron_block":3,"minecraft:glowstone":18,"minecraft:iron_ore":415,"minecraft:anvil":1,"minecraft:azure_bluet":31,"minecraft:deepslate_redstone_ore":184,"minecraft:blackstone":725,"minecraft:twisting_vines_plant":1,"minecraft:clay":1,"minecraft:calcite":16,"minecraft:poppy":30,"minecraft:chest":29,"minecraft:nether_quartz_ore":913,"minecraft:cobblestone":333,"minecraft:grindstone":2,"minecraft:oak_planks":45,"minecraft:iron_door":26,"minecraft:wall_torch":115,"minecraft:deepslate_copper_ore":1,"minecraft:pink_petals":7,"minecraft:warped_nylium":14,"minecraft:powered_rail":9,"minecraft:tnt":30,"minecraft:purpur_block":1,"minecraft:oak_log":1124,"minecraft:beetroots":4,"minecraft:sand":1491,"minecraft:dirt":4923,"minecraft:wither_skeleton_skull":4,"minecraft:dispenser":1,"minecraft:netherrack":14387,"minecraft:ancient_debris":97,"minecraft:oak_leaves":505,"minecraft:emerald_block":11,"minecraft:nether_gold_ore":478,"minecraft:crying_obsidian":7,"minecraft:tuff":1091,"minecraft:deepslate_diamond_ore":316,"minecraft:glow_lichen":2,"minecraft:lever":6,"minecraft:stone_button":1,"minecraft:spruce_leaves":54,"minecraft:crimson_stem":79,"minecraft:spore_blossom":5,"minecraft:oak_trapdoor":5,"minecraft:furnace":3,"minecraft:carrots":70,"minecraft:nether_sprouts":1,"minecraft:gold_block":19,"minecraft:bookshelf":234,"minecraft:deepslate_iron_ore":506,"minecraft:stripped_oak_log":2,"minecraft:packed_ice":2,"minecraft:stone":10232,"minecraft:redstone_wall_torch":8,"minecraft:podzol":148,"minecraft:scaffolding":236,"minecraft:snow_block":5,"minecraft:basalt":881,"minecraft:oak_fence":3,"minecraft:crafting_table":12,"minecraft:sculk_sensor":21,"minecraft:lectern":437,"minecraft:deepslate_coal_ore":20,"minecraft:lapis_ore":40,"minecraft:lily_pad":1,"minecraft:sculk":106,"minecraft:redstone_torch":3,"minecraft:sweet_berry_bush":9,"minecraft:ice":1,"minecraft:white_wall_banner":1,"minecraft:yellow_bed":1,"minecraft:coal_ore":1157,"minecraft:cherry_leaves":177,"minecraft:gray_carpet":2,"minecraft:cracked_stone_bricks":2,"minecraft:mossy_stone_bricks":2},"minecraft:crafted":{"minecraft:ender_chest":2,"minecraft:smooth_stone":128,"minecraft:oak_sign":63,"minecraft:blaze_powder":48,"minecraft:lever":3,"minecraft:diamond_shovel":2,"minecraft:bookshelf":24,"minecraft:cooked_mutton":1,"minecraft:shulker_box":8,"minecraft:diamond_helmet":1,"minecraft:repeater":64,"minecraft:diamond_leggings":1,"minecraft:beacon":1,"minecraft:glass_bottle":60,"minecraft:emerald":3203,"minecraft:diamond_axe":2,"minecraft:smithing_table":1,"minecraft:copper_ingot":49,"minecraft:lectern":8,"minecraft:stone_slab":4,"minecraft:iron_pickaxe":7,"minecraft:iron_block":6,"minecraft:gold_ingot":907,"minecraft:netherite_ingot":24,"minecraft:composter":2,"minecraft:smooth_stone_slab":12,"minecraft:spyglass":2,"minecraft:diamond_hoe":2,"minecraft:bone_meal":24,"minecraft:white_carpet":45,"minecraft:stone_pickaxe":3,"minecraft:diamond_boots":1,"minecraft:spruce_boat":1,"minecraft:enchanting_table":1,"minecraft:blue_bed":1,"minecraft:enchanted_book":36,"minecraft:oak_fence_gate":3,"minecraft:golden_apple":35,"minecraft:fermented_spider_eye":256,"minecraft:oak_stairs":232,"minecraft:iron_shovel":2,"minecraft:iron_leggings":2,"minecraft:white_bed":28,"minecraft:note_block":1,"minecraft:grindstone":1,"minecraft:oak_planks":3296,"minecraft:cobblestone_slab":30,"minecraft:lightning_rod":1,"minecraft:cobblestone_stairs":164,"minecraft:stone":19,"minecraft:heavy_weighted_pressure_plate":1,"minecraft:hopper":58,"minecraft:bow":27,"minecraft:iron_boots":2,"minecraft:comparator":23,"minecraft:chest":170,"minecraft:netherite_upgrade_smithing_template":34,"minecraft:rail":704,"minecraft:ender_eye":27,"minecraft:oak_fence":15,"minecraft:oak_slab":144,"minecraft:crafting_table":10,"minecraft:spruce_planks":76,"minecraft:wooden_pickaxe":1,"minecraft:iron_helmet":2,"minecraft:cherry_button":10,"minecraft:gold_block":21,"minecraft:brewing_stand":3,"minecraft:dispenser":24,"minecraft:tnt":224,"minecraft:book":179,"minecraft:iron_chestplate":2,"minecraft:paper":53836,"minecraft:diamond_pickaxe":19,"minecraft:emerald_block":169,"minecraft:shield":1,"minecraft:stick":1444,"minecraft:iron_ingot":1007,"minecraft:redstone_torch":390,"minecraft:shears":1,"minecraft:cherry_planks":224,"minecraft:cobbled_deepslate_slab":384,"minecraft:raw_iron":27,"minecraft:fishing_rod":7,"minecraft:leather_boots":2,"minecraft:furnace":6,"minecraft:piston":24,"minecraft:oak_trapdoor":38,"minecraft:flint_and_steel":2,"minecraft:scaffolding":2244,"minecraft:iron_axe":3,"minecraft:iron_hoe":1,"minecraft:cobblestone_wall":18,"minecraft:netherite_scrap":96,"minecraft:observer":42,"minecraft:minecart":11,"minecraft:sugar":256,"minecraft:diamond_sword":8,"minecraft:iron_trapdoor":1,"minecraft:powered_rail":186,"minecraft:iron_sword":1,"minecraft:bucket":16,"minecraft:air":0,"minecraft:blue_dye":2,"minecraft:oak_boat":2,"minecraft:white_wool":478,"minecraft:stonecutter":1,"minecraft:anvil":2,"minecraft:torch":1912,"minecraft:diamond_chestplate":1,"minecraft:firework_rocket":4013},"minecraft:dropped":{"minecraft:iron_sword":3,"minecraft:cooked_beef":13,"minecraft:glow_ink_sac":4,"minecraft:diamond":67,"minecraft:crossbow":2,"minecraft:warped_roots":10,"minecraft:elytra":3,"minecraft:rail":4,"minecraft:red_mushroom":1,"minecraft:emerald":3,"minecraft:dirt":1460,"minecraft:dark_oak_fence":8,"minecraft:gold_nugget":32,"minecraft:sand":578,"minecraft:iron_pickaxe":4,"minecraft:bone":132,"minecraft:compass":1,"minecraft:sugar_cane":217,"minecraft:lever":1,"minecraft:cobbled_deepslate":16,"minecraft:wheat":7,"minecraft:obsidian":2,"minecraft:rotten_flesh":73,"minecraft:oak_planks":15,"minecraft:end_stone":10,"minecraft:azure_bluet":29,"minecraft:white_bed":19,"minecraft:leather_boots":1,"minecraft:glass":2,"minecraft:warped_wart_block":1,"minecraft:iron_ingot":41,"minecraft:enchanted_book":11,"minecraft:golden_boots":1,"minecraft:wheat_seeds":132,"minecraft:cobblestone":263,"minecraft:oak_fence":4,"minecraft:iron_helmet":2,"minecraft:apple":2,"minecraft:granite":44,"minecraft:coal":79,"minecraft:oxeye_daisy":2,"minecraft:sculk":1,"minecraft:potion":63,"minecraft:oak_stairs":1,"minecraft:white_banner":1,"minecraft:mud":16,"minecraft:smooth_stone":120,"minecraft:paper":213,"minecraft:iron_shovel":2,"minecraft:string":44,"minecraft:lily_pad":6,"minecraft:gray_carpet":1,"minecraft:snow_block":1,"minecraft:furnace":3,"minecraft:soul_soil":10,"minecraft:stone_sword":4,"minecraft:cobblestone_wall":3,"minecraft:smooth_stone_slab":3,"minecraft:deepslate":16,"minecraft:diamond_hoe":1,"minecraft:iron_boots":1,"minecraft:diamond_sword":6,"minecraft:potato":4772,"minecraft:cobblestone_slab":12,"minecraft:stone":221,"minecraft:spruce_planks":67,"minecraft:diamond_pickaxe":9,"minecraft:spider_eye":52,"minecraft:bamboo":192,"minecraft:bow":1,"minecraft:crimson_nylium":2,"minecraft:soul_sand":2,"minecraft:brown_mushroom":1,"minecraft:diamond_axe":2,"minecraft:warped_fungus":2,"minecraft:oak_log":7,"minecraft:ender_pearl":1237,"minecraft:leather":46,"minecraft:flint":19,"minecraft:cornflower":62,"minecraft:polished_blackstone_bricks":1,"minecraft:birch_log":1,"minecraft:gravel":249,"minecraft:purpur_block":1,"minecraft:blackstone":64,"minecraft:spyglass":2,"minecraft:cherry_sapling":5,"minecraft:beetroot":2,"minecraft:carrot":5,"minecraft:poppy":85,"minecraft:oak_fence_gate":2,"minecraft:gunpowder":49,"minecraft:beetroot_seeds":8,"minecraft:chest":6,"minecraft:basalt":151,"minecraft:arrow":18,"minecraft:scaffolding":67,"minecraft:quartz":34,"minecraft:oak_leaves":42,"minecraft:netherrack":2224,"minecraft:firework_rocket":1934,"minecraft:water_bucket":2,"minecraft:oak_slab":22,"minecraft:cherry_log":11,"minecraft:poisonous_potato":8,"minecraft:lead":8,"minecraft:observer":2,"minecraft:tropical_fish":4,"minecraft:grass_block":1145,"minecraft:stick":19,"minecraft:diorite":8,"minecraft:nether_gold_ore":2,"minecraft:torch":314,"minecraft:sculk_catalyst":1,"minecraft:iron_door":3,"minecraft:iron_leggings":1,"minecraft:iron_axe":2,"minecraft:pink_petals":38,"minecraft:bucket":2,"minecraft:dandelion":5,"minecraft:smooth_basalt":3,"minecraft:redstone":42,"minecraft:warped_nylium":24,"minecraft:oak_trapdoor":1,"minecraft:ender_chest":1,"minecraft:blaze_rod":3064,"minecraft:tuff":16,"minecraft:raw_iron":4,"minecraft:sculk_sensor":1,"minecraft:light_gray_wool":2,"minecraft:villager_spawn_egg":39,"minecraft:iron_hoe":1,"minecraft:flint_and_steel":1,"minecraft:iron_chestplate":1,"minecraft:andesite":48,"minecraft:oak_sapling":30,"minecraft:golden_sword":2,"minecraft:diamond_boots":1},"minecraft:used":{"minecraft:dispenser":11,"minecraft:elytra":37,"minecraft:poppy":3,"minecraft:chest":184,"minecraft:stone":576,"minecraft:farmland":4,"minecraft:soul_sand":8,"minecraft:azure_bluet":1,"minecraft:spruce_boat":5,"minecraft:lava_bucket":49,"minecraft:netherite_shovel":6504,"minecraft:villager_spawn_egg":38,"minecraft:grass_block":251,"minecraft:netherite_hoe":206,"minecraft:cherry_button":2,"minecraft:netherite_boots":3,"minecraft:bow":948,"minecraft:oak_sapling":242,"minecraft:furnace":6,"minecraft:egg":1,"minecraft:potato":1349,"minecraft:mossy_stone_bricks":3,"minecraft:damaged_anvil":1,"minecraft:diorite":2,"minecraft:powered_rail":112,"minecraft:blackstone":130,"minecraft:wooden_pickaxe":5,"minecraft:composter":32,"minecraft:clay":1,"minecraft:oak_leaves":744,"minecraft:glow_berries":6,"minecraft:netherite_helmet":3,"minecraft:lightning_rod":1,"minecraft:stone_button":1,"minecraft:lectern":445,"minecraft:diamond_sword":4644,"minecraft:smithing_table":1,"minecraft:oak_boat":21,"minecraft:oak_trapdoor":59,"minecraft:enchanting_table":2,"minecraft:netherrack":2698,"minecraft:torch":1921,"minecraft:brewing_stand":16,"minecraft:anvil":5,"minecraft:ancient_debris":1,"minecraft:oak_fence_gate":1,"minecraft:iron_axe":519,"minecraft:bamboo":93,"minecraft:diamond_chestplate":4,"minecraft:basalt":269,"minecraft:iron_trapdoor":1,"minecraft:trapped_chest":16,"minecraft:cherry_log":8,"minecraft:cobbled_deepslate":4935,"minecraft:observer":47,"minecraft:wheat_seeds":1302,"minecraft:water_bucket":348,"minecraft:cracked_stone_bricks":1,"minecraft:rail":954,"minecraft:comparator":2,"minecraft:tnt":1148,"minecraft:oak_slab":36,"minecraft:crafting_table":20,"minecraft:white_bed":101,"minecraft:spruce_log":1,"minecraft:oak_log":261,"minecraft:mud":32,"minecraft:ender_eye":20,"minecraft:diamond_pickaxe":29173,"minecraft:diamond_shovel":3854,"minecraft:iron_pickaxe":1452,"minecraft:spruce_sapling":8,"minecraft:cobblestone":484,"minecraft:potion":27,"minecraft:diamond_leggings":1,"minecraft:cherry_sapling":25,"minecraft:iron_shovel":355,"minecraft:oak_sign":14,"minecraft:diamond_hoe":1626,"minecraft:shield":324,"minecraft:iron_sword":169,"minecraft:zombie_spawn_egg":4,"minecraft:nether_bricks":1,"minecraft:carrot":70,"minecraft:tuff":28,"minecraft:obsidian":63,"minecraft:milk_bucket":1,"minecraft:glass":976,"minecraft:warped_nylium":5,"minecraft:stone_bricks":13,"minecraft:deepslate_diamond_ore":66,"minecraft:repeater":34,"minecraft:magma_block":1,"minecraft:scaffolding":811,"minecraft:diamond_boots":1,"minecraft:wither_skeleton_skull":11,"minecraft:stone_pickaxe":285,"minecraft:oak_planks":158,"minecraft:ender_pearl":64,"minecraft:sugar_cane":355,"minecraft:diamond_axe":1927,"minecraft:blue_bed":2,"minecraft:white_wool":175,"minecraft:note_block":1,"minecraft:end_stone":21,"minecraft:shears":88,"minecraft:redstone_torch":77,"minecraft:sticky_piston":28,"minecraft:lever":9,"minecraft:firework_rocket":769,"minecraft:heavy_weighted_pressure_plate":1,"minecraft:string":1,"minecraft:deepslate":118,"minecraft:iron_door":1,"minecraft:gravel":15,"minecraft:grindstone":3,"minecraft:andesite":1,"minecraft:smooth_stone_slab":9,"minecraft:air":27,"minecraft:cobweb":10,"minecraft:oak_fence":10,"minecraft:netherite_sword":2145,"minecraft:flint_and_steel":9,"minecraft:redstone":151,"minecraft:ender_chest":61,"minecraft:spyglass":209,"minecraft:dirt":708,"minecraft:white_carpet":43,"minecraft:hopper":144,"minecraft:cobblestone_wall":13,"minecraft:diamond_helmet":3,"minecraft:shulker_box":31,"minecraft:golden_chestplate":2,"minecraft:granite":2,"minecraft:iron_hoe":104,"minecraft:bookshelf":16,"minecraft:oak_stairs":215,"minecraft:smooth_sandstone":3,"minecraft:emerald_block":175,"minecraft:netherite_pickaxe":7754,"minecraft:minecart":41,"minecraft:cooked_beef":448,"minecraft:cobblestone_stairs":158,"minecraft:glass_bottle":75,"minecraft:netherite_chestplate":37,"minecraft:baked_potato":42,"minecraft:beacon":1,"minecraft:stonecutter":1,"minecraft:cobblestone_slab":18,"minecraft:warped_roots":8,"minecraft:painting":1,"minecraft:nether_gold_ore":227,"minecraft:piston":33,"minecraft:netherite_axe":311,"minecraft:fishing_rod":5387,"minecraft:cobbled_deepslate_slab":106,"minecraft:white_banner":2,"minecraft:bucket":407,"minecraft:yellow_bed":1,"minecraft:smooth_stone":75,"minecraft:splash_potion":18},"minecraft:killed_by":{"minecraft:zombie":1,"minecraft:warden":1,"minecraft:wither":1,"minecraft:skeleton":1}},"DataVersion":3839}